{"cameraMode":{"drawMode":0,"name":"Shaded","section":"Shading Mode"},"sceneLighting":true,"audioPlay":false,"sceneViewState":{"showFog":true,"showMaterialUpdate":true,"showSkybox":true,"showFlares":true,"showImageEffects":true,"showParticleSystems":true},"in2DMode":false,"pivot":{"x":-30.685348510742189,"y":13.622166633605957,"z":174.9265594482422},"rotation":{"x":-0.16143907606601716,"y":-0.8176665902137756,"z":0.2747895419597626,"w":-0.4797374904155731},"size":79.97454833984375,"orthographic":false}