{"cameraMode":{"drawMode":0,"name":"Shaded","section":"Shading Mode"},"sceneLighting":false,"audioPlay":false,"sceneViewState":{"showFog":true,"showMaterialUpdate":true,"showSkybox":true,"showFlares":true,"showImageEffects":true,"showParticleSystems":true},"in2DMode":false,"pivot":{"x":4.371703147888184,"y":0.43759727478027346,"z":2.9786863327026369},"rotation":{"x":-0.21003907918930055,"y":-0.5425747036933899,"z":0.1423162817955017,"w":-0.8008087873458862},"size":4.041658401489258,"orthographic":false}